INSERT INTO `users` (`id`, `name`, `email`, `password`, `remember_token`, `created_at`, `updated_at`) VALUES (1,'Alexander Ashworth','ajashwor@uark.edu','',NULL,NULL,NULL),(2,'Nathan Cooper','njc003@uark.edu','',NULL,NULL,NULL),(3,'Jacob Dame','jdame@uark.edu','',NULL,NULL,NULL),(4,'Whit Deason','wcdeason@uark.edu','',NULL,NULL,NULL),(5,'Tanner Emerson','temerson@uark.edu','',NULL,NULL,NULL),(6,'Ossiel Escareno','oescaren@uark.edu','',NULL,NULL,NULL),(7,'Richie Goodman','rtgoodma@uark.edu','',NULL,NULL,NULL),(8,'Shohei Ikeda','si009@uark.edu','',NULL,NULL,NULL),(9,'Tyron Jamison','trjamiso@uark.edu','',NULL,NULL,NULL),(10,'Anthony Lazzara','aplazzar@uark.edu','',NULL,NULL,NULL),(11,'Zackary McGinnis','zgmcginn@uark.edu','',NULL,NULL,NULL),(12,'Yuki Sato','yukisato@uark.edu','',NULL,NULL,NULL),(13,'Christopher Sherman','crsherma@uark.edu','',NULL,NULL,NULL),(14,'Jonathan Silva','jbsilva@uark.edu','',NULL,NULL,NULL),(15,'Linda Steede','lksteede@uark.edu','',NULL,NULL,NULL),(16,'Sheldon Vanderpool','svanderp@uark.edu','',NULL,NULL,NULL),(17,'Jacob Waddell','jtwaddel@uark.edu','',NULL,NULL,NULL),(18,'Stuart Welsch','sfwelsch@uark.edu','',NULL,NULL,NULL),(19,'Kyle Whitaker','klwhitak@uark.edu','',NULL,NULL,NULL),(20,'Cheng Xiang','cxiang@uark.edu','',NULL,NULL,NULL),(21,'Ruiting Yan','rxy006@uark.edu','',NULL,NULL,NULL);
INSERT INTO `categories` (`id`, `created_at`, `updated_at`, `name`, `description`, `color`) VALUES (1,'2017-01-27 03:33:01','2017-01-27 03:33:01','holiday','No class in lieu of university holiday.\r\n\r\n<a href=\"http://registrar.uark.edu/academic-dates/academic-semester-calendar/spring-2017.php\">Academic Calendar</a>','yellow'),(2,'2017-01-27 03:33:01','2017-01-27 03:33:01','class','WJWH0331 Trading Center Wed 12:00 PM - 2:50 PM','blue'),(3,'2017-01-27 03:33:01','2017-01-27 03:33:01','quiz',NULL,'orange'),(4,'2017-01-27 03:33:01','2017-01-27 03:33:01','homework',NULL,'rebeccapurple'),(5,'2017-01-27 03:33:01','2017-01-27 03:33:01','blog',NULL,'brown'),(6,'2017-01-27 03:33:01','2017-01-27 03:33:01','Q&A','<a href=\"https://github.com/ISYS4283/questions-answers\">Instructions</a>','cyan'),(7,'2017-01-27 03:33:01','2017-01-27 03:33:01','project',NULL,'green'),(8,'2017-01-27 03:33:01','2017-01-27 03:33:01','exam',NULL,'red'),(9,'2017-01-27 03:33:01','2017-01-27 03:33:01','registrar','<a href=\"http://registrar.uark.edu/academic-dates/academic-semester-calendar/spring-2017.php\">Academic Calendar</a>','black'),(10,'2017-01-29 20:55:53','2017-01-29 20:55:53','Reading','Required chapter from the textbook','gray');
INSERT INTO `events` (`id`, `created_at`, `updated_at`, `title`, `description`, `start`, `end`, `points`) VALUES (1,'2017-01-27 04:13:20','2017-01-27 04:13:20','In-Class Lecture 1','First day of class.','2017-01-18 12:00:00','2017-01-18 14:50:00',NULL),(2,'2017-01-27 04:13:20','2017-01-31 04:13:20','Martin Luther King Day',NULL,'2017-01-16 00:00:00','2017-01-16 23:59:59',NULL),(3,'2017-01-27 04:13:20','2017-01-27 04:13:20','Last day to drop without a \"W\"',NULL,'2017-01-30 00:00:00','2017-01-30 23:59:59',NULL),(4,'2017-01-27 04:13:20','2017-01-27 04:13:20','Spring Break',NULL,'2017-03-20 00:00:00','2017-03-24 23:59:59',NULL),(5,'2017-01-27 04:13:20','2017-01-27 04:13:20','In-Class Lecture 2',NULL,'2017-01-25 12:00:00','2017-01-25 14:50:00',NULL),(6,'2017-01-27 04:13:20','2017-01-27 04:13:20','In-Class Lecture 3',NULL,'2017-02-01 12:00:00','2017-02-01 14:50:00',NULL),(7,'2017-01-27 04:13:20','2017-01-27 04:13:20','Last day to drop',NULL,'2017-04-21 00:00:00','2017-04-21 23:59:59',NULL),(8,'2017-01-27 04:13:20','2017-01-27 04:13:20','Last day to officially withdraw from all full semester classes',NULL,'2017-05-04 00:00:00','2017-05-04 23:59:59',NULL),(9,'2017-01-27 04:13:20','2017-01-27 04:13:20','Dead Day',NULL,'2017-05-05 00:00:00','2017-05-05 23:59:59',NULL),(10,'2017-01-27 04:13:20','2017-01-27 04:13:20','In-Class Lecture 4',NULL,'2017-02-08 12:00:00','2017-02-08 14:50:00',NULL),(11,'2017-01-27 04:13:20','2017-01-27 04:13:20','In-Class Lecture 5',NULL,'2017-02-15 12:00:00','2017-02-15 14:50:00',NULL),(12,'2017-01-27 04:13:20','2017-01-27 04:13:20','In-Class Lecture 6',NULL,'2017-02-22 12:00:00','2017-02-22 14:50:00',NULL),(14,'2017-01-27 04:13:20','2017-01-27 04:13:20','In-Class Midterm Exam',NULL,'2017-03-15 12:00:00','2017-03-15 14:50:00',NULL),(15,'2017-01-27 04:13:20','2017-01-27 04:13:20','In-Class Lecture 8',NULL,'2017-03-08 12:00:00','2017-03-08 14:50:00',NULL),(16,'2017-01-27 04:13:20','2017-01-27 04:13:20','In-Class Lecture 9',NULL,'2017-03-29 12:00:00','2017-03-29 14:50:00',NULL),(17,'2017-01-27 04:13:20','2017-01-27 04:13:20','In-Class Lecture 10',NULL,'2017-04-05 12:00:00','2017-04-05 14:50:00',NULL),(18,'2017-01-27 04:13:20','2017-01-27 04:13:20','In-Class Lecture 11',NULL,'2017-04-12 12:00:00','2017-04-12 14:50:00',NULL),(19,'2017-01-27 04:13:20','2017-01-27 04:13:20','In-Class Lecture 12',NULL,'2017-04-19 12:00:00','2017-04-19 14:50:00',NULL),(20,'2017-01-27 04:13:20','2017-01-27 04:13:20','In-Class Project Interviews',NULL,'2017-04-26 12:00:00','2017-04-26 14:50:00',NULL),(21,'2017-01-27 04:13:20','2017-01-27 04:13:20','In-Class Project Presentations',NULL,'2017-05-03 12:00:00','2017-05-03 14:50:00',NULL),(22,'2017-01-27 04:13:20','2017-01-27 04:13:20','Project Deliverable 3 Due',NULL,'2017-05-04 00:00:00','2017-05-04 23:59:59',NULL),(23,'2017-01-27 04:13:20','2017-01-27 04:13:20','Project Deliverable 2 Due',NULL,'2017-04-17 00:00:00','2017-04-17 23:59:59',NULL),(24,'2017-01-27 04:13:20','2017-01-27 04:13:20','Project Deliverable 1 Due',NULL,'2017-04-03 00:00:00','2017-04-03 23:59:59',NULL),(25,'2017-01-27 04:13:20','2017-01-27 04:13:20','Project Proposal Due',NULL,'2017-03-17 00:00:00','2017-03-17 23:59:59',NULL),(26,'2017-01-27 04:13:20','2017-01-27 04:13:20','Project Team Memberships Due','This is the day on which you must have declared who your team members are. If you fail to obtain a group by this date, then one will be assigned to you.','2017-03-10 00:00:00','2017-03-10 23:59:59',1),(27,'2017-01-27 04:13:20','2017-01-27 04:13:20','Final Exam 10:15-12:15',NULL,'2017-05-10 10:15:00','2017-05-10 12:15:00',NULL),(28,'2017-01-29 20:58:47','2017-01-29 20:58:47','Read Chapter 1',NULL,'2017-01-17 00:00:00','2017-01-17 23:59:59',NULL),(29,'2017-01-29 21:01:48','2017-01-29 21:01:48','Read Chapter 2',NULL,'2017-01-24 00:00:00','2017-01-24 23:59:59',NULL),(30,'2017-01-29 21:03:22','2017-01-29 21:03:22','Read Chapter 3',NULL,'2017-01-31 00:00:00','2017-01-31 23:59:59',NULL),(31,'2017-01-29 21:03:49','2017-01-29 21:03:49','Read Chapter 4',NULL,'2017-02-07 00:00:00','2017-02-07 23:59:59',NULL),(32,'2017-01-29 21:04:20','2017-01-29 21:04:20','Read Chapter 5',NULL,'2017-02-14 00:00:00','2017-02-14 23:59:59',NULL),(33,'2017-01-29 21:04:33','2017-01-29 21:04:33','Read Chapter 6',NULL,'2017-02-21 00:00:00','2017-02-21 23:59:59',NULL),(34,'2017-01-29 21:04:46','2017-01-29 21:04:46','Read Chapter 7',NULL,'2017-02-28 00:00:00','2017-02-28 23:59:59',NULL),(35,'2017-01-29 21:05:39','2017-01-29 21:05:39','Read Chapter 8',NULL,'2017-03-07 00:00:00','2017-03-07 23:59:59',NULL),(36,'2017-01-29 21:05:58','2017-01-29 21:05:58','Read Chapter 9',NULL,'2017-03-28 00:00:00','2017-03-28 23:59:59',NULL),(37,'2017-01-29 21:06:20','2017-01-29 21:06:20','Read Chapter 10',NULL,'2017-04-04 00:00:00','2017-04-04 23:59:59',NULL),(38,'2017-01-29 21:08:39','2017-01-29 21:08:39','Read Chapter 11',NULL,'2017-04-11 00:00:00','2017-04-11 23:59:59',NULL),(39,'2017-01-29 21:08:52','2017-01-29 21:08:52','Read Chapter 12',NULL,'2017-04-18 00:00:00','2017-04-18 23:59:59',NULL),(40,'2017-01-29 21:19:26','2017-01-29 21:19:26','Quiz Chapter 2',NULL,'2017-01-30 14:00:00','2017-01-31 23:59:59',10),(43,'2017-01-29 23:01:18','2017-01-29 23:01:18','Quiz Chapter 1',NULL,'2017-01-25 13:00:00','2017-01-25 15:00:00',10),(44,'2017-01-29 23:15:18','2017-01-29 23:15:18','Quiz Chapter 3',NULL,'2017-02-06 00:00:00','2017-02-06 23:59:59',10),(45,'2017-01-29 23:16:48','2017-01-29 23:16:48','Quiz Chapter 4',NULL,'2017-02-13 00:00:00','2017-02-13 23:59:59',10),(46,'2017-01-29 23:17:17','2017-01-29 23:17:17','Quiz Chapter 5',NULL,'2017-02-20 00:00:00','2017-02-20 23:59:59',10),(47,'2017-01-29 23:17:41','2017-01-29 23:17:41','Quiz Chapter 6',NULL,'2017-02-27 15:00:00','2017-03-01 23:59:59',10),(50,'2017-01-29 23:20:06','2017-01-29 23:20:06','Quiz Chapter 9',NULL,'2017-04-03 00:00:00','2017-04-03 23:59:59',10),(51,'2017-01-29 23:20:46','2017-01-29 23:20:46','Quiz Chapter 10',NULL,'2017-04-10 00:00:00','2017-04-10 23:59:59',10),(52,'2017-01-29 23:21:01','2017-01-29 23:21:01','Quiz Chapter 11',NULL,'2017-04-17 00:00:00','2017-04-17 23:59:59',10),(53,'2017-01-29 23:21:15','2017-01-29 23:21:15','Quiz Chapter 12',NULL,'2017-04-24 00:00:00','2017-04-24 23:59:59',10),(54,'2017-01-29 23:26:14','2017-01-29 23:26:14','Question Chapter 2',NULL,'2017-01-25 00:00:00','2017-01-25 23:59:59',1),(56,'2017-01-30 03:07:50','2017-01-30 03:07:50','Question Chapter 3',NULL,'2017-02-01 00:00:00','2017-02-01 23:59:59',1),(57,'2017-01-30 03:08:06','2017-01-30 03:08:06','Question Chapter 4',NULL,'2017-02-08 00:00:00','2017-02-08 23:59:59',1),(58,'2017-01-30 03:08:40','2017-01-30 03:08:40','Question Chapter 5',NULL,'2017-02-15 00:00:00','2017-02-15 23:59:59',1),(59,'2017-01-30 03:08:54','2017-01-30 03:08:54','Question Chapter 6',NULL,'2017-02-22 00:00:00','2017-02-22 23:59:59',1),(62,'2017-01-30 03:09:55','2017-01-30 03:09:55','Question Chapter 9',NULL,'2017-03-29 00:00:00','2017-03-29 23:59:59',1),(63,'2017-01-30 03:10:14','2017-01-30 03:10:14','Question Chapter 10',NULL,'2017-04-05 00:00:00','2017-04-05 23:59:59',1),(64,'2017-01-30 03:10:34','2017-01-30 03:10:34','Question Chapter 11',NULL,'2017-04-12 00:00:00','2017-04-12 23:59:59',1),(65,'2017-01-30 03:10:56','2017-01-30 03:10:56','Question Chapter 12',NULL,'2017-04-19 00:00:00','2017-04-19 23:59:59',1),(66,'2017-01-30 03:36:49','2017-01-30 03:36:49','Answer Chapter 2',NULL,'2017-01-26 00:00:00','2017-01-26 23:59:59',1),(67,'2017-01-30 03:37:10','2017-01-30 03:37:10','Answer Chapter 3',NULL,'2017-02-02 12:00:00','2017-02-03 23:59:59',1),(68,'2017-01-30 03:37:27','2017-01-30 03:37:27','Answer Chapter 4',NULL,'2017-02-09 13:00:00','2017-02-10 23:59:59',1),(69,'2017-01-30 03:39:04','2017-01-30 03:39:04','Answer Chapter 5',NULL,'2017-02-17 10:00:00','2017-02-18 23:59:59',1),(70,'2017-01-30 03:39:18','2017-01-30 03:39:18','Answer Chapter 6',NULL,'2017-02-24 00:00:00','2017-02-24 23:59:59',1),(73,'2017-01-30 03:40:12','2017-01-30 03:40:12','Answer Chapter 9',NULL,'2017-03-31 00:00:00','2017-03-31 23:59:59',1),(74,'2017-01-30 03:40:32','2017-01-30 03:40:32','Answer Chapter 10',NULL,'2017-04-07 00:00:00','2017-04-07 23:59:59',1),(75,'2017-01-30 03:40:53','2017-01-30 03:40:53','Answer Chapter 11',NULL,'2017-04-14 00:00:00','2017-04-14 23:59:59',1),(76,'2017-01-30 03:41:08','2017-01-30 03:41:08','Answer Chapter 12',NULL,'2017-04-21 00:00:00','2017-04-21 23:59:59',1),(77,'2017-01-30 04:24:18','2017-01-30 04:24:18','Blog Chapter 1',NULL,'2017-01-18 15:00:00','2017-01-22 23:59:59',5),(78,'2017-01-30 04:24:18','2017-01-30 04:24:18','Blog Chapter 2',NULL,'2017-01-25 15:00:00','2017-01-27 23:59:59',5),(79,'2017-01-30 04:24:18','2017-01-30 04:24:18','Blog Chapter 3',NULL,'2017-02-01 15:00:00','2017-02-03 23:59:59',5),(80,'2017-01-30 04:24:18','2017-01-30 04:24:18','Blog Chapter 4',NULL,'2017-02-08 15:00:00','2017-02-10 23:59:59',5),(81,'2017-01-30 04:24:18','2017-01-30 04:24:18','Blog Chapter 5',NULL,'2017-02-15 15:00:00','2017-02-17 23:59:59',5),(82,'2017-01-30 04:24:19','2017-01-30 04:24:19','Blog Chapter 6',NULL,'2017-02-22 15:00:00','2017-02-24 23:59:59',5),(86,'2017-01-30 04:28:13','2017-01-30 04:28:13','Homework Chapter 2',NULL,'2017-01-25 00:00:00','2017-01-29 23:59:59',10),(87,'2017-01-30 04:28:13','2017-01-30 04:28:13','Homework Chapter 3',NULL,'2017-02-01 00:00:00','2017-02-05 23:59:59',10),(88,'2017-01-30 04:28:13','2017-01-30 04:28:13','Homework Chapter 4',NULL,'2017-02-08 00:00:00','2017-02-12 23:59:59',10),(89,'2017-01-30 04:28:13','2017-01-30 04:28:13','Homework Chapter 5',NULL,'2017-02-15 00:00:00','2017-02-19 23:59:59',10),(90,'2017-01-30 04:28:13','2017-01-30 04:28:13','Homework Chapter 6',NULL,'2017-02-22 00:00:00','2017-02-26 23:59:59',10),(91,'2017-01-30 04:28:13','2017-01-30 04:28:13','Homework Chapter 7',NULL,'2017-03-08 00:00:00','2017-03-12 23:59:59',10),(92,'2017-01-30 04:28:14','2017-01-30 04:28:14','Homework Chapter 8',NULL,'2017-03-08 00:00:00','2017-03-17 23:59:59',10),(93,'2017-01-30 04:30:24','2017-01-30 04:30:24','Review Blogs Chapter 1',NULL,'2017-01-23 00:00:00','2017-01-24 23:59:59',3),(94,'2017-01-30 04:30:24','2017-01-30 04:30:24','Review Blogs Chapter 2',NULL,'2017-01-28 00:00:00','2017-01-29 23:59:59',3),(95,'2017-01-30 04:30:24','2017-01-30 04:30:24','Review Blogs Chapter 3',NULL,'2017-02-04 00:00:00','2017-02-04 23:59:59',3),(96,'2017-01-30 04:30:25','2017-01-30 04:30:25','Review Blogs Chapter 4',NULL,'2017-02-11 12:00:00','2017-02-13 23:59:59',3),(97,'2017-01-30 04:30:25','2017-01-30 04:30:25','Review Blogs Chapter 5',NULL,'2017-02-18 00:00:00','2017-02-18 23:59:59',3),(98,'2017-01-30 04:30:25','2017-01-30 04:30:25','Review Blogs Chapter 6',NULL,'2017-02-25 00:00:00','2017-02-25 23:59:59',3),(101,'2017-01-30 04:39:05','2017-01-30 04:39:05','Question Chapter 1',NULL,'2017-01-18 00:00:00','2017-01-22 23:59:59',1),(102,'2017-01-30 04:41:44','2017-01-30 04:41:44','Answer Chapter 1',NULL,'2017-01-23 00:00:00','2017-01-24 23:59:59',1),(103,'2017-01-30 04:47:27','2017-01-30 04:47:27','Homework Chapter 9',NULL,'2017-03-29 00:00:00','2017-04-02 23:59:59',10),(104,'2017-01-30 04:47:27','2017-01-30 04:47:27','Homework Chapter 10',NULL,'2017-04-05 00:00:00','2017-04-09 23:59:59',10),(105,'2017-01-30 04:47:27','2017-01-30 04:47:27','Homework Chapter 11',NULL,'2017-04-12 00:00:00','2017-04-16 23:59:59',10),(106,'2017-01-30 04:47:27','2017-01-30 04:47:27','Homework Chapter 12',NULL,'2017-04-19 00:00:00','2017-04-23 23:59:59',10),(107,'2017-01-30 04:49:00','2017-01-30 04:49:00','Blog Chapter 9',NULL,'2017-03-29 15:00:00','2017-03-31 23:59:59',5),(108,'2017-01-30 04:49:00','2017-01-30 04:49:00','Blog Chapter 10',NULL,'2017-04-05 15:00:00','2017-04-07 23:59:59',5),(109,'2017-01-30 04:49:00','2017-01-30 04:49:00','Blog Chapter 11',NULL,'2017-04-12 15:00:00','2017-04-14 23:59:59',5),(110,'2017-01-30 04:49:00','2017-01-30 04:49:00','Blog Chapter 12',NULL,'2017-04-19 15:00:00','2017-04-21 23:59:59',5),(111,'2017-01-30 04:49:35','2017-01-30 04:49:35','Review Blog Chapter 9',NULL,'2017-04-01 00:00:00','2017-04-01 23:59:59',3),(112,'2017-01-30 04:49:35','2017-01-30 04:49:35','Review Blog Chapter 10',NULL,'2017-04-08 00:00:00','2017-04-08 23:59:59',3),(113,'2017-01-30 04:49:35','2017-01-30 04:49:35','Review Blog Chapter 11',NULL,'2017-04-15 00:00:00','2017-04-15 23:59:59',3),(114,'2017-01-30 04:49:35','2017-01-30 04:49:35','Review Blog Chapter 12',NULL,'2017-04-22 00:00:00','2017-04-22 23:59:59',3);
INSERT INTO `category_event` (`category_id`, `event_id`) VALUES (2,1),(1,2),(9,2),(9,3),(1,4),(9,4),(2,5),(2,6),(9,7),(9,8),(1,9),(9,9),(2,10),(2,11),(2,12),(8,14),(2,15),(2,16),(2,17),(2,18),(2,19),(7,20),(7,21),(7,22),(7,23),(7,24),(7,25),(7,26),(8,27),(10,28),(10,29),(10,30),(10,31),(10,32),(10,33),(10,34),(10,35),(10,36),(10,37),(10,38),(10,39),(3,40),(3,43),(3,44),(3,45),(3,46),(3,47),(3,50),(3,51),(3,52),(3,53),(6,54),(6,56),(6,57),(6,58),(6,59),(6,62),(6,63),(6,64),(6,65),(6,66),(6,67),(6,68),(6,69),(6,70),(6,73),(6,74),(6,75),(6,76),(5,77),(5,78),(5,79),(5,80),(5,81),(5,82),(4,86),(4,87),(4,88),(4,89),(4,90),(4,91),(4,92),(5,93),(5,94),(5,95),(5,96),(5,97),(5,98),(6,101),(6,102),(4,103),(4,104),(4,105),(4,106),(5,107),(5,108),(5,109),(5,110),(5,111),(5,112),(5,113),(5,114);
